{
  "test_accuracy": 0.5811966061592102,
  "test_loss": 1.0602266788482666,
  "training_history": {
    "accuracy": [
      0.1492537260055542,
      0.21828357875347137,
      0.25932836532592773,
      0.28358209133148193,
      0.3805970251560211,
      0.4197761118412018,
      0.41417911648750305,
      0.46641790866851807,
      0.45708954334259033,
      0.45895522832870483,
      0.52052241563797,
      0.5261194109916687,
      0.49067163467407227,
      0.5522388219833374,
      0.5373134613037109,
      0.41044774651527405,
      0.40671640634536743,
      0.44216418266296387,
      0.44216418266296387,
      0.40858209133148193,
      0.44029849767684937,
      0.4776119291782379,
      0.444029837846756,
      0.4794776141643524,
      0.46455225348472595,
      0.46082088351249695
    ],
    "loss": [
      2.8702054023742676,
      2.4160969257354736,
      2.308429002761841,
      2.0682456493377686,
      1.8236019611358643,
      1.8080116510391235,
      1.700763463973999,
      1.5989326238632202,
      1.5226354598999023,
      1.494000792503357,
      1.4411894083023071,
      1.3886151313781738,
      1.3559919595718384,
      1.2378689050674438,
      1.2858219146728516,
      1.7422444820404053,
      1.6598283052444458,
      1.6469639539718628,
      1.5946872234344482,
      1.6942188739776611,
      1.6199302673339844,
      1.4508495330810547,
      1.5342483520507812,
      1.4280073642730713,
      1.5001012086868286,
      1.5461235046386719
    ],
    "val_accuracy": [
      0.2678571343421936,
      0.3571428656578064,
      0.4642857015132904,
      0.5446428656578064,
      0.5357142686843872,
      0.5446428656578064,
      0.5803571343421936,
      0.5625,
      0.5982142686843872,
      0.6071428656578064,
      0.5803571343421936,
      0.5982142686843872,
      0.6160714030265808,
      0.6160714030265808,
      0.6160714030265808,
      0.6428571343421936,
      0.6428571343421936,
      0.6607142686843872,
      0.6517857313156128,
      0.6339285969734192,
      0.6339285969734192,
      0.6428571343421936,
      0.6339285969734192,
      0.6339285969734192,
      0.6339285969734192,
      0.6339285969734192
    ],
    "val_loss": [
      2.105107069015503,
      1.8860384225845337,
      1.7020320892333984,
      1.5577027797698975,
      1.4400731325149536,
      1.3460215330123901,
      1.2669061422348022,
      1.2045772075653076,
      1.1493453979492188,
      1.1128261089324951,
      1.0767840147018433,
      1.0532745122909546,
      1.0288598537445068,
      1.0101916790008545,
      0.9971925616264343,
      0.9960441589355469,
      0.999756395816803,
      1.003836989402771,
      1.014821171760559,
      1.023582100868225,
      1.0334490537643433,
      1.0432120561599731,
      1.0534931421279907,
      1.0623753070831299,
      1.0706861019134521,
      1.0791229009628296
    ],
    "learning_rate": [
      9.999999747378752e-05,
      9.999999747378752e-05,
      9.999999747378752e-05,
      9.999999747378752e-05,
      9.999999747378752e-05,
      9.999999747378752e-05,
      9.999999747378752e-05,
      9.999999747378752e-05,
      9.999999747378752e-05,
      9.999999747378752e-05,
      9.999999747378752e-05,
      9.999999747378752e-05,
      9.999999747378752e-05,
      9.999999747378752e-05,
      9.999999747378752e-05,
      9.999999747378752e-06,
      9.999999747378752e-06,
      9.999999747378752e-06,
      9.999999747378752e-06,
      9.999999747378752e-06,
      9.999999747378752e-06,
      1.9999999949504854e-06,
      1.9999999949504854e-06,
      1.9999999949504854e-06,
      1.9999999949504854e-06,
      1.9999999949504854e-06
    ]
  },
  "config": {
    "img_size": [
      224,
      224
    ],
    "batch_size": 32,
    "epochs": 50,
    "num_classes": 9,
    "learning_rate": 0.0001,
    "model_name": "MobileNetV2"
  }
}